<?xml version="1.0" encoding="UTF-8"?>
<configuration>
	
	<property name="LOG_FILE" value="system.log" />
	
	<appender name="STDOUT" class="ch.qos.logback.core.ConsoleAppender">
	
		<encoder>
			<!--  <pattern>%d{HH:mm:ss} [%level] [%thread] [%logger{36}] - %msg%n</pattern>-->
			<pattern>%d{HH:mm:ss} [%level] [%logger{36}] %msg%n</pattern>
		</encoder>
	</appender>
	
	<appender name="FILE-AUDIT" class="ch.qos.logback.core.FileAppender">
		<file>${LOG_FILE}</file>
		<encoder class="ch.qos.logback.classic.encoder.PatternLayoutEncoder">
			<Pattern>%d{HH:mm:ss} [%level] [%logger{36}] %msg%n</Pattern>
		</encoder>
	</appender>

	<root level="info">
		<appender-ref ref="STDOUT" />
		<appender-ref ref="FILE-AUDIT" />
	</root>
	
</configuration>